"","defu.mean","defu.sd","gypo.mean","gypo.sd","eubi.mean","eubi.sd","min.cov","max.cov","mean.cov","sd.cov"
"(Intercept)",1.87919658516167,0.210445297434551,1.53588923509664,0.085550965255175,1.49790084831501,0.241673328294813,NA,NA,NA,NA
"log(s.drainage + 1)",-1.90365859230096,0.208992277798456,-1.75911070737669,0.221240586947172,-1.81557664687433,0.214918130010628,-0.0372389421592672,1.43520702588106,0.0581936221824913,0.244400249336868
"s.temp",0.350924491453384,0.186460382661973,0.141157216862495,0.197388175951227,0.200912902189219,0.191747356337362,-0.670820393,2.459674775,0.362605617945946,0.756928272800069
"I(s.temp^2)",-0.443685706647831,0.0946096067807523,-0.405556616443816,0.100154346158189,-0.422689921720281,0.097292206126242,0,6.0499999987713,0.702702702557793,1.49011559277105
"s.riparian",1.9431687602965,0.0881014645182637,1.73718435025749,0.0932647843559229,1.71439131818853,0.0905995293458775,-2,0,-0.243243243243243,0.589305537014302
"s.upland",1.67815003301897,0.170588128329888,1.67815003301897,0.180585704101086,1.67815003301897,0.175425053637765,-1.154700538,1.154700538,0,0.465690315270848
"trout",-1.2819434287523,0.312149174519197,-1.11830157893152,0.330443149924904,-1.22759077624292,0.320999979418966,0,1,0.027027027027027,0.162406198661643
"s.riparian:s.upland",0.0877857710213017,0.13213699601647,0.0877857710213017,0.13988108490933,0.0877857710213017,0.135883662249321,-2.309401076,2.309401076,0,0.601203611844692
